﻿<?xml version="1.0" encoding="utf-8" ?>
<About>
  <!-- The App element allows you to override the values that are extracted from the WMAppManifest.xml file automatically -->
  <!-- The AdditionalNotes attribute has no equivalent in the WMAppManifest.xml; you can only define its content here -->
  <!-- New in 1.1: Explicitly set any of the attributes to an empty string to remove it (including its label) from the dialog -->
  <App Author="Peter Kuhn"
       Publisher=""
       AdditionalNotes="Phone as a remote control is a Windows Phone app that allows you to use your device as a remote control for .NET desktop applications. If you're a developer and interested in how to integrate this feature into your own projects, visit the open source homepage linked above." />
  <Items>
    <!-- Create a MainItem entry to configure the front page -->
    <!-- The Titel attribute defines the title of the pivot item -->
    <!-- The Label (and review buttong content) attributes can override the default values to what you like, and also help with localization -->
    <MainItem Title="about"
              AppAuthorLabel="by"
              AppDescriptionLabel="Description:"
              AppPublisherLabel="Publisher:"
              AppVersionLabel="Version:"
              AppAdditionalNotesLabel="Additional Notes:"
              AppReviewButtonContent="Review this app!">
      <Links>
        <!-- A collection of links presented on the front page. -->
        <!-- By using different protocols like http or mailto you can invoke the respective applications -->
        <!-- The Label attribute defines an additional label placed in front of the hyperlink -->
        <!-- Use this to provide contact/support details for your app -->
        <Link NavigateUri="http://www.pitorque.de/paarc"
              Content="PC Controller Home Page"
              Label="Web site:" />
        <Link NavigateUri="http://paarc.codeplex.com"
              Content="Open Source Project"
              Label="Web site:" />
        <Link NavigateUri="http://www.pitorque.de/MisterGoodcat/page/The-Author.aspx"
              Content="A short profile"
              Label="About the Author:" />
        <Link NavigateUri="http://www.pitorque.de/MisterGoodcat"
              Content="Mister Goodcat's place to purr"
              Label="Author's Blog:" />
        <Link NavigateUri="mailto:info@pitorque.de"
              Content="info@pitorque.de"
              Label="Support for this app:" />
      </Links>
    </MainItem>
    <Page Title="tutorial"
          Type="xaml">
      <my:Tutorial xmlns="http://schemas.microsoft.com/winfx/2006/xaml/presentation"
                   xmlns:my="clr-namespace:PAARC.WP7.Content.About;assembly=PAARC.WP7"
                   HorizontalAlignment="Stretch"
                   VerticalAlignment="Top" />
    </Page>
    <Item Title="history"
          Type="text">
      1.1.0.0
      This is the first Marketplace version.
      * Added about dialog
      * Added options dialog
      * Added user tutorial

      1.0.0.0
      This is the initial version.
    </Item>
  </Items>
</About>