﻿<?xml version="1.0" encoding="utf-8"?>
<Deployment xmlns="http://schemas.microsoft.com/windowsphone/2009/deployment"
            AppPlatformVersion="7.1">
  <App xmlns=""
       ProductID="{806e1223-c3e8-4e37-b909-763622b0b283}"
       Title="PAARC"
       RuntimeType="Silverlight"
       Version="1.1.0.0"
       Genre="apps.normal"
       Author="Peter Kuhn"
       Description="Your phone as a remote control!"
       Publisher="pitorque UG">
    <IconPath IsRelative="true"
              IsResource="false">Content\Images\Tile_62.png</IconPath>
    <Capabilities>      
      <Capability Name="ID_CAP_IDENTITY_DEVICE" />
      <Capability Name="ID_CAP_NETWORKING" />
      <Capability Name="ID_CAP_SENSORS" />
    </Capabilities>
    <Tasks>
      <DefaultTask Name="_default"
                   NavigationPage="MainPage.xaml" />
    </Tasks>
    <Tokens>
      <PrimaryToken TokenID="WP7ControllerToken"
                    TaskName="_default">
        <TemplateType5>
          <BackgroundImageURI IsRelative="true"
                              IsResource="false">Content\Images\Tile_173.png</BackgroundImageURI>
          <Count>0</Count>
          <Title>PAARC</Title>
        </TemplateType5>
      </PrimaryToken>
    </Tokens>
  </App>
</Deployment>